x,y,type
0,186,A
1,198,P
1,276,P
2,17,P
2,1028,P
2,1509,P
4,51,P
4,1407,P
5,845,P
5,1730,P
6,1307,P
6,1523,P
6,1919,P
8,889,P
8,1350,P
9,95,P
9,652,P
9,837,P
9,1284,P
10,1641,A
11,374,P
11,1086,P
11,1628,P
12,863,A
13,1877,A
14,1974,P
14,1990,P
15,1414,P
15,1504,P
16,1514,P
17,279,P
18,525,A
20,1967,P
21,247,P
21,1762,P
22,184,P
23,455,P
23,1523,P
24,1319,P
24,1636,P
26,1959,P
27,898,P
27,935,P
27,1086,P
28,917,P
29,1909,P
30,793,P
31,238,P
32,8,P
33,419,A
33,1119,A
34,1208,P
35,761,P
36,100,P
36,1451,P
36,1567,P
37,1058,P
37,1856,P
40,230,P
40,1242,P
40,1425,P
42,1105,P
43,233,P
45,911,P
45,1804,P
47,1508,A
48,827,P
48,1437,P
48,1907,P
49,343,P
50,239,P
50,240,P
50,915,P
51,1598,P
52,663,P
54,1102,A
59,157,P
60,619,P
60,881,P
61,301,P
61,1539,P
62,234,P
62,1419,P
63,1691,A
65,373,P
65,436,P
65,1942,P
67,32,P
68,1002,P
69,1079,P
69,1495,P
69,1851,P
70,703,P
71,483,A
72,1183,P
74,524,P
74,730,P
76,747,P
77,45,P
77,642,P
78,731,P
79,857,P
80,1726,A
81,1178,P
81,1601,P
82,1568,P
83,956,A
85,63,P
86,1091,P
86,1528,P
87,1632,P
88,1662,P
88,1688,P
89,613,P
89,1521,P
90,63,P
90,951,P
91,59,P
91,1601,P
92,503,P
92,1817,P
93,599,P
93,1106,P
94,599,P
95,1330,P
95,1962,P
96,1552,P
97,1967,P
98,1806,P
99,184,P
99,602,P
100,796,P
101,834,P
101,1766,P
102,867,P
102,1339,P
103,194,P
104,371,A
105,714,P
105,1505,P
106,1845,P
106,1949,P
107,664,P
107,1288,P
108,208,P
108,1196,P
110,1167,A
111,502,P
111,1071,P
111,1140,P
113,1982,P
114,1818,P
115,269,P
115,1573,P
115,1667,P
115,1931,P
117,959,P
118,1330,P
119,158,P
119,885,P
119,1999,P
122,1136,P
123,1092,P
124,658,A
126,521,P
127,359,P
128,638,A
129,1625,P
130,71,P
131,535,P
131,1883,P
131,1968,P
132,799,P
132,813,P
135,1936,P
136,9,P
136,948,P
136,1068,P
136,1832,P
136,1945,P
137,731,P
138,270,P
138,485,P
138,1687,P
139,1241,P
139,1984,P
140,0,A
141,385,P
141,1143,P
141,1579,P
141,1894,P
141,1916,P
142,66,P
142,1288,P
142,1994,P
143,223,A
144,1137,A
144,1571,A
145,314,P
147,930,P
148,290,P
148,454,P
148,1993,P
149,1124,P
149,1243,P
150,553,A
151,1563,P
151,1703,P
152,686,A
152,921,A
153,119,P
153,494,P
153,1583,P
154,187,P
154,665,P
154,1075,P
155,75,P
156,943,P
156,1170,P
156,1599,P
157,8,P
157,1375,P
157,1839,P
158,246,P
158,1069,P
158,1440,P
158,1991,P
160,583,P
160,810,P
161,1075,P
162,91,P
162,1513,P
162,1807,P
163,666,P
163,1363,P
164,685,P
164,1908,P
164,1973,P
165,999,P
165,1256,P
166,780,P
167,680,P
167,1028,P
167,1612,P
167,1845,P
168,1211,P
169,641,P
170,972,A
171,630,A
173,1938,A
174,40,P
175,833,P
175,1583,P
176,1254,P
177,73,P
177,1153,P
177,1775,P
178,309,P
178,1072,P
178,1074,P
178,1666,P
179,364,P
180,200,P
181,208,P
181,219,P
181,757,P
181,1069,P
184,1075,P
184,1126,P
184,1246,P
184,1563,P
185,1838,A
186,388,P
186,1080,P
186,1327,P
188,43,P
188,106,P
188,1094,P
188,1533,P
189,203,P
189,317,P
190,185,P
191,251,P
191,461,P
191,1039,P
191,1311,P
192,859,P
192,1074,P
192,1676,P
192,1757,P
195,756,P
196,253,A
198,349,P
198,540,P
198,1466,P
199,741,P
200,184,P
201,817,P
201,1519,P
202,359,P
202,563,P
203,213,P
204,927,P
204,1625,P
206,476,P
207,225,P
207,376,P
207,672,P
207,1316,P
208,1572,P
209,857,P
211,492,P
211,1458,P
211,1536,P
212,988,P
212,1749,P
213,449,P
214,362,A
215,866,P
215,1379,P
216,750,P
217,1147,P
218,316,P
219,275,P
219,688,P
219,1123,P
219,1228,P
220,1209,P
221,1574,P
222,322,P
222,1226,P
223,65,P
223,1229,P
223,1665,P
223,1769,P
225,13,P
226,999,P
227,329,P
227,1499,P
228,449,P
228,1831,P
229,1990,P
230,180,P
230,1379,P
231,1332,P
233,168,P
234,1526,A
235,107,P
236,945,A
237,470,P
237,563,P
237,704,P
237,1820,P
238,209,P
238,583,P
239,1048,P
240,240,P
242,846,P
242,1369,P
243,224,P
243,1730,P
244,1805,P
246,960,A
247,320,P
247,1008,P
247,1718,P
248,71,P
248,801,P
248,1809,P
249,590,P
249,1291,P
250,219,P
250,1317,P
251,12,P
251,541,P
251,872,P
251,1145,P
251,1451,P
252,311,P
255,1140,P
255,1754,P
256,275,P
257,768,P
257,1103,P
257,1640,P
258,720,A
259,1464,P
260,1966,P
261,48,P
261,727,P
261,815,P
262,467,P
262,1169,P
262,1878,P
263,1586,P
264,74,P
265,1664,P
266,50,P
266,157,P
266,278,P
267,854,P
267,1331,P
268,260,P
269,286,P
269,310,P
270,654,P
271,811,P
271,1891,P
272,547,A
273,105,P
274,182,P
274,767,P
275,1317,P
277,803,A
277,1034,A
278,959,P
279,1979,P
280,672,P
281,436,P
282,961,P
282,1364,P
282,1695,P
283,1826,P
284,886,A
284,1897,A
285,599,P
285,1174,P
285,1588,P
286,378,P
286,1309,P
287,29,P
287,269,P
287,299,P
287,570,P
289,906,P
289,1124,P
290,1707,P
291,1435,P
291,1562,P
292,236,P
292,1186,P
292,1695,P
293,1397,P
294,320,P
294,845,P
294,950,P
294,1216,P
295,976,P
296,1126,P
297,918,P
298,517,P
299,288,P
299,772,P
301,1944,A
302,1631,P
303,127,P
304,822,P
304,1955,P
305,173,P
305,493,P
305,1021,P
307,728,P
308,117,P
308,298,P
309,760,P
309,1269,P
310,448,P
311,1765,P
312,108,P
312,1385,P
313,295,P
313,1207,P
313,1857,P
315,1948,A
316,808,P
319,953,P
319,1145,P
320,1590,A
321,1021,P
321,1424,P
321,1558,P
321,1597,P
322,364,P
322,589,P
322,802,P
322,1725,P
323,846,P
324,748,A
325,487,P
325,1356,P
325,1488,P
326,462,P
326,508,P
326,604,P
327,184,P
327,305,P
327,568,P
327,667,P
328,1187,P
329,1376,A
331,505,A
331,1176,A
332,234,P
332,860,P
332,1120,P
334,491,P
334,844,P
334,989,P
335,181,P
335,1210,P
336,429,P
336,1062,P
339,1010,A
340,413,P
340,557,P
340,750,P
340,925,P
340,1244,P
340,1292,P
341,1304,P
341,1620,P
342,177,P
342,202,P
342,479,P
342,1313,P
343,1544,P
343,1812,P
344,59,P
344,1797,P
345,1558,P
346,1122,A
347,723,P
347,1325,P
349,1231,A
352,434,A
353,1443,P
354,763,P
354,1292,P
354,1907,P
355,622,P
355,1415,P
356,1887,P
357,55,P
358,191,P
359,832,P
360,1921,P
361,730,P
362,145,P
362,865,P
362,996,P
363,1437,P
363,1635,P
364,252,P
364,871,P
364,1003,P
365,837,P
366,507,P
366,718,P
366,758,P
367,1594,A
367,1987,A
370,79,A
371,373,P
371,1562,P
372,580,A
373,1609,P
373,1934,P
374,1511,P
375,363,P
376,608,P
376,899,P
377,473,P
377,1144,P
379,1462,P
380,476,P
383,1013,P
383,1628,P
384,895,P
385,129,P
385,1518,P
388,1424,P
388,1837,P
389,1020,P
389,1719,P
390,1744,P
391,1292,P
391,1847,P
393,955,P
393,1578,P
394,903,P
395,1060,P
395,1169,P
395,1463,P
396,796,P
397,596,A
398,591,P
399,708,P
400,369,P
400,795,P
401,1999,P
402,716,A
402,1848,A
403,297,A
404,22,P
404,1841,P
405,900,P
405,1919,P
406,619,P
406,1772,P
408,43,P
408,992,P
408,1693,P
411,38,P
412,188,P
412,382,P
413,25,A
414,718,P
414,1290,P
414,1698,P
414,1723,P
414,1769,P
415,554,P
415,1210,P
416,143,P
416,290,P
416,398,P
416,470,P
416,906,P
416,906,P
417,485,P
417,1717,P
418,1697,P
419,211,P
419,1363,P
420,1313,P
421,616,P
421,671,P
422,534,P
422,635,P
422,1612,P
424,1814,P
425,876,A
426,202,P
426,449,P
426,1299,P
426,1891,P
427,887,A
428,1545,P
429,509,P
429,1297,P
431,1499,P
431,1837,P
432,48,P
433,618,P
434,611,P
434,685,P
434,1925,P
435,1819,P
436,6,P
437,1445,P
438,861,P
439,299,P
440,1232,P
440,1784,P
441,1483,P
442,24,P
443,150,A
445,1929,P
446,203,P
446,609,P
447,1273,P
447,1817,P
448,830,A
449,1117,P
449,1184,P
449,1210,P
449,1527,P
451,617,P
451,883,P
452,373,P
453,403,P
453,455,P
453,1454,P
453,1502,P
454,98,P
455,164,A
456,1193,P
456,1294,P
456,1904,P
457,397,P
458,14,P
458,875,P
458,1753,P
458,1980,P
460,304,P
463,277,P
463,844,P
464,328,P
464,594,P
464,1112,P
465,456,P
465,1874,P
467,130,P
467,509,P
467,529,P
467,743,P
467,1154,P
468,628,P
471,1930,A
472,1475,P
473,1422,P
474,235,P
475,146,P
475,869,P
476,1659,P
477,527,P
477,823,P
477,1809,P
478,1111,P
479,1382,P
479,1996,P
481,433,P
482,74,P
482,908,P
482,1406,P
483,321,P
483,1073,P
483,1216,P
483,1354,P
484,1334,P
484,1755,P
484,1820,P
485,861,P
485,1916,P
488,477,P
488,1568,P
491,1451,P
491,1679,P
492,303,P
492,1370,P
493,88,P
493,220,P
494,1790,P
495,176,P
495,214,P
495,376,P
497,1357,P
498,1503,A
499,1494,P
499,1650,P
500,554,P
501,1007,A
502,1585,A
504,1148,P
505,459,P
505,550,P
505,1587,P
506,1226,P
506,1846,P
508,701,A
509,1548,P
510,928,P
510,1791,P
511,340,P
511,497,P
511,796,P
511,1062,P
512,859,P
513,1614,P
514,655,P
514,1105,P
514,1929,P
515,1236,P
516,229,P
516,571,P
516,1367,P
517,225,P
517,1315,P
518,176,P
519,1694,A
520,158,P
520,508,P
521,1423,A
522,913,P
522,1485,P
523,816,P
524,139,P
527,788,P
529,1823,P
530,1123,P
531,63,P
531,1171,P
532,660,P
533,191,P
533,476,P
533,664,P
533,1336,P
534,936,A
535,1313,P
538,20,P
538,1941,P
539,303,P
539,669,P
539,1116,P
539,1754,P
540,595,P
540,1761,P
541,174,P
542,797,P
542,1418,P
543,894,P
544,707,P
544,1237,P
545,464,P
545,1295,P
545,1622,P
545,1760,P
546,1439,A
547,819,P
548,458,A
549,833,P
549,1200,P
549,1497,P
549,1997,P
550,883,P
550,950,P
551,131,P
551,1275,P
551,1789,P
552,1650,P
553,394,A
554,1651,P
556,232,P
556,290,P
556,332,P
556,1283,P
557,919,A
557,1122,A
558,477,P
558,486,P
559,512,P
559,1379,P
559,1549,P
560,1275,P
561,1677,P
561,1853,P
561,1928,P
562,1227,P
562,1264,P
562,1967,P
564,779,A
566,1653,P
568,772,P
568,810,P
569,444,P
570,1268,A
571,974,P
571,1161,P
572,1901,P
572,1964,P
573,1484,A
576,403,P
576,1664,P
577,856,P
580,400,P
580,1244,P
580,1387,P
580,1966,P
581,1568,P
581,1988,P
582,47,P
582,333,P
586,420,P
586,448,P
587,848,P
587,1778,P
587,1800,P
589,508,P
589,1187,P
590,339,P
590,1982,P
591,1431,P
592,918,P
592,1560,P
594,1380,P
596,683,A
596,1616,A
597,51,P
598,841,P
598,1617,P
599,1111,P
600,1360,P
600,1624,P
602,75,P
602,1021,P
602,1761,P
603,400,P
603,1057,P
603,1875,P
604,587,P
604,849,P
605,532,P
606,55,P
606,61,P
606,1632,P
606,1956,P
607,1765,P
608,484,P
608,1116,P
608,1653,P
610,1743,A
612,717,P
612,1636,P
614,505,A
616,1406,P
617,1795,A
618,1085,P
619,28,P
619,109,P
619,758,P
621,1499,P
623,201,A
624,38,P
625,212,P
625,306,P
625,402,P
625,533,P
625,1206,P
627,229,P
627,1187,P
629,1019,P
630,117,P
630,127,P
630,1171,P
631,139,P
631,485,P
631,1665,P
632,337,P
632,1324,P
636,104,P
636,901,P
637,1567,P
637,1706,P
638,1614,P
640,460,P
640,537,P
642,86,P
642,304,P
642,774,P
642,1016,P
642,1314,P
643,1378,P
643,1422,P
644,1157,P
644,1775,P
645,1652,P
646,691,P
646,966,P
648,106,P
648,498,P
648,588,P
649,710,A
651,750,P
653,300,P
653,1134,P
653,1708,P
655,480,P
656,1016,P
656,1347,P
657,29,P
657,1736,P
658,933,P
659,980,P
660,1114,A
661,1131,A
663,688,P
664,292,P
665,1,P
665,300,P
666,309,P
667,306,P
667,333,P
667,1999,P
668,106,P
668,746,P
668,1387,P
670,62,A
672,492,P
673,9,P
673,1123,P
673,1187,P
673,1688,P
673,1760,P
675,35,P
675,1100,P
676,1580,P
677,560,P
677,930,P
679,1363,P
680,416,P
682,642,P
682,1021,P
683,138,A
685,243,P
685,907,P
685,1248,P
685,1416,P
686,454,P
687,1217,P
689,33,P
690,1684,A
691,1398,P
693,556,P
694,242,A
694,1234,A
695,452,P
695,1329,P
696,1149,A
697,1522,A
699,863,A
700,1107,P
701,1365,P
703,416,P
703,1768,P
703,1937,P
704,1923,A
705,256,A
706,1290,P
706,1727,P
708,506,P
708,511,P
708,1937,P
709,1387,P
711,729,P
711,1792,P
712,357,P
714,1690,A
715,192,P
716,544,P
716,567,P
716,1210,P
716,1288,P
716,1880,P
718,592,P
718,1104,P
718,1499,P
718,1958,P
719,447,P
719,821,P
719,1794,P
720,1712,A
721,348,P
721,1933,P
722,665,P
724,917,P
726,1259,P
727,1657,A
728,1090,P
729,1639,P
731,773,P
732,98,P
732,1317,P
733,537,P
733,827,P
733,1554,P
733,1915,P
734,3,P
734,1349,P
735,840,P
736,576,P
736,1888,P
737,313,P
738,1394,A
739,760,P
739,797,P
741,31,A
742,1763,A
743,427,P
744,92,P
745,287,A
745,949,A
746,1080,P
746,1991,P
747,864,P
749,641,P
750,1331,P
750,1806,P
750,1840,P
751,1201,P
751,1501,P
752,1410,P
753,1328,A
755,364,P
755,1853,P
756,1143,P
756,1174,P
756,1786,P
757,404,P
757,1894,P
758,699,A
759,530,P
760,372,P
762,734,A
763,832,P
763,952,P
764,1226,P
764,1857,P
765,443,P
765,1519,P
766,1747,P
767,601,P
767,1045,P
767,1316,P
767,1510,P
769,1193,P
769,1481,P
770,107,P
770,1442,P
771,1955,P
773,753,A
774,1354,P
774,1504,P
774,1576,P
774,1793,P
775,45,P
777,270,P
777,1843,P
778,70,P
778,328,P
778,1893,P
779,838,P
779,891,P
782,56,P
783,159,P
784,440,P
784,969,P
785,10,P
785,517,P
786,277,P
787,792,P
787,931,P
789,498,P
789,563,P
789,964,P
789,1100,P
789,1592,P
791,536,P
791,1121,P
792,1306,P
793,324,P
793,1052,P
793,1962,P
795,1382,P
796,838,P
798,1981,P
799,1279,P
799,1670,P
800,128,P
801,1563,P
802,170,A
803,1756,P
804,176,P
804,1430,P
804,1619,P
804,1866,P
805,363,P
805,513,P
806,1347,P
809,415,P
809,1221,P
810,719,P
811,950,P
811,1640,P
812,975,P
813,1197,P
813,1766,P
814,854,P
815,226,P
816,927,P
816,1618,P
816,1996,P
817,774,P
819,279,P
819,350,P
820,415,P
820,791,P
820,801,P
820,994,P
820,1278,P
821,167,P
821,1735,P
822,567,P
822,1617,P
822,1636,P
823,535,P
823,563,P
823,1878,P
824,573,P
824,1851,P
825,813,P
826,880,P
826,1841,P
828,597,A
829,1659,P
830,29,P
830,203,P
830,358,P
830,382,P
830,947,P
830,954,P
831,1330,P
831,1678,P
833,291,P
833,1928,P
834,460,P
835,1056,A
836,464,P
837,1705,P
838,974,P
839,590,P
839,1463,P
839,1629,P
841,1253,P
841,1572,P
841,1994,P
842,175,P
842,451,P
843,1106,P
843,1573,P
845,327,P
845,1775,P
847,762,P
848,1579,P
849,789,A
850,21,P
851,1059,P
852,1903,A
853,1192,P
853,1214,P
853,1434,P
855,1720,P
855,1999,P
856,162,P
857,1825,P
858,212,P
858,757,P
859,735,P
859,1964,P
860,1140,P
861,248,P
863,416,P
863,445,P
863,621,P
863,1625,P
864,1072,P
864,1285,P
864,1483,P
866,1061,A
867,152,A
868,693,P
868,1722,P
868,1890,P
870,548,P
870,616,P
871,236,P
871,1001,P
871,1074,P
872,992,P
872,1975,P
873,29,P
873,1659,P
874,592,P
874,1265,P
875,71,P
876,1729,P
876,1887,P
877,1960,A
878,389,A
880,823,P
881,601,P
882,1567,P
882,1799,P
884,859,P
884,1496,P
885,388,P
885,1602,P
886,276,P
886,512,P
886,707,P
886,767,P
887,911,P
888,370,P
889,1390,P
890,1351,A
891,459,P
891,579,P
891,1187,P
892,1882,P
893,262,P
893,1813,P
894,883,P
895,271,P
895,1806,P
896,325,P
896,1550,P
896,1900,P
899,722,P
900,1343,P
901,1623,P
901,1744,P
902,1165,A
903,129,P
903,1912,P
904,290,P
904,1441,P
904,1625,P
905,10,P
905,768,P
905,1697,P
906,985,P
907,213,P
907,1924,P
908,54,P
908,1187,P
908,1849,P
909,1175,P
909,1799,P
909,1896,P
910,634,A
911,984,P
911,1748,P
912,508,P
912,1884,P
913,1400,P
913,1834,P
913,1878,P
915,382,P
916,435,A
918,254,P
918,1479,P
919,935,P
919,1467,P
919,1882,P
920,126,P
922,1246,P
922,1876,P
924,952,P
926,1803,P
926,1821,P
927,692,P
927,1028,P
928,187,P
928,1045,P
929,437,P
929,631,P
929,1570,P
930,440,P
932,654,P
932,1514,P
933,307,P
933,838,P
933,1548,P
935,1375,P
935,1757,P
935,1990,P
936,227,P
937,56,P
937,158,P
938,412,P
939,1308,P
939,1534,P
940,1759,A
941,697,A
942,1709,P
943,1464,P
944,1304,P
944,1377,P
944,1872,P
945,1512,A
945,1859,A
946,1132,P
947,719,P
948,893,P
949,1263,P
949,1949,P
950,154,A
950,471,A
950,1267,A
951,103,P
951,559,P
953,1330,P
953,1433,P
954,1825,P
955,973,P
957,866,P
957,1681,P
957,1737,P
958,1132,P
959,1310,P
960,1736,P
960,1875,P
962,1043,P
963,1808,P
965,1251,P
969,709,A
971,1250,P
973,36,P
973,1046,P
974,1151,P
975,499,A
976,1162,P
977,222,P
979,1751,A
982,307,P
982,1417,P
983,1037,A
984,111,P
984,917,P
984,1218,P
984,1804,P
984,1809,P
985,372,P
986,1986,P
987,552,P
988,255,P
988,873,P
988,965,P
988,1688,P
989,449,P
989,835,P
989,1372,P
989,1400,P
990,323,P
990,1343,P
991,373,P
991,1783,P
991,1975,P
992,1949,P
993,681,P
994,370,P
994,993,P
994,1705,P
995,10,P
995,258,P
996,1321,P
998,1745,A
999,1886,P
1000,426,P
1000,430,P
1001,1254,P
1002,1423,A
1004,1358,A
1005,785,P
1006,77,A
1006,1998,A
1007,1078,P
1007,1514,P
1008,1151,P
1008,1950,P
1009,317,P
1009,336,P
1009,1807,P
1010,587,P
1010,1380,P
1011,104,P
1012,829,P
1013,1307,P
1013,1652,P
1013,1717,P
1014,420,P
1015,1302,A
1016,219,P
1017,778,P
1017,1988,P
1018,1679,P
1019,631,P
1020,72,P
1020,229,P
1020,637,P
1022,1827,A
1024,1408,P
1024,1435,P
1025,600,P
1028,120,P
1029,1334,P
1030,700,A
1031,624,A
1032,1764,A
1033,2,P
1033,87,P
1033,1028,P
1033,1673,P
1033,1806,P
1034,1455,P
1035,1956,P
1036,819,P
1036,1548,P
1037,995,A
1038,1815,A
1039,1246,P
1040,798,A
1041,426,P
1041,1565,P
1041,1876,P
1042,168,P
1042,832,P
1043,963,P
1043,1068,P
1044,1483,P
1045,1567,P
1045,1729,P
1045,1737,P
1047,1024,P
1047,1308,P
1048,1527,P
1048,1614,P
1049,1101,P
1050,1249,A
1051,130,P
1051,962,P
1051,1635,P
1052,1218,P
1052,1837,P
1052,1963,P
1053,1271,P
1054,1029,P
1055,891,P
1055,1036,P
1055,1255,P
1056,220,P
1056,1601,P
1056,1611,P
1057,1244,P
1058,887,A
1059,488,P
1061,558,P
1063,651,A
1065,1225,P
1065,1692,P
1066,1105,P
1066,1435,P
1067,1965,P
1068,167,P
1070,1777,A
1071,1000,P
1072,1524,A
1073,285,P
1073,823,P
1073,939,P
1073,1135,P
1074,155,P
1075,122,P
1075,799,P
1076,1676,P
1077,248,P
1077,254,P
1077,1115,P
1077,1224,P
1077,1314,P
1078,96,P
1079,1880,P
1080,1563,P
1081,545,P
1081,1000,P
1081,1604,P
1082,310,P
1082,1829,P
1083,633,P
1083,1367,P
1084,1445,P
1084,1491,P
1085,539,A
1087,607,P
1087,632,P
1087,822,P
1087,1487,P
1087,1870,P
1090,16,P
1090,608,P
1090,759,P
1090,1019,P
1092,1568,P
1093,276,P
1093,1390,P
1093,1546,P
1094,1596,P
1095,1738,A
1096,446,P
1097,859,P
1099,1605,A
1103,145,P
1103,627,P
1104,688,P
1107,1683,P
1108,410,P
1109,787,P
1110,282,P
1112,1042,A
1114,115,A
1115,1002,P
1115,1046,P
1117,1097,A
1118,536,P
1118,812,P
1119,1946,A
1120,746,P
1121,104,P
1121,493,P
1122,1333,A
1123,443,P
1123,1334,P
1124,163,P
1124,1828,P
1125,184,P
1125,519,P
1127,171,A
1128,924,P
1129,868,P
1129,1240,P
1129,1667,P
1129,1880,P
1130,902,P
1130,1961,P
1132,1967,P
1133,697,A
1134,970,A
1135,384,P
1136,807,P
1137,605,P
1138,654,P
1138,832,P
1138,1223,P
1139,795,P
1142,1148,P
1143,706,P
1143,961,P
1144,1511,P
1144,1891,P
1145,1379,P
1146,414,P
1146,611,P
1146,1280,P
1146,1652,P
1148,1382,P
1149,344,A
1150,145,P
1151,1702,P
1152,975,P
1153,1555,P
1154,430,P
1154,569,P
1154,1591,P
1155,605,P
1155,1622,P
1156,1064,P
1158,896,A
1159,156,A
1160,1033,P
1161,127,P
1161,1140,P
1161,1414,P
1161,1504,P
1164,169,P
1165,1040,P
1165,1804,P
1166,1253,P
1167,1556,A
1168,929,A
1169,304,P
1169,989,P
1170,1351,A
1172,1200,P
1174,1115,P
1174,1797,P
1175,204,A
1176,433,P
1176,1311,P
1176,1357,P
1176,1663,P
1176,1676,P
1176,1881,P
1179,722,P
1179,1766,P
1180,1239,A
1181,235,P
1181,472,P
1182,1644,A
1183,1561,A
1184,127,P
1186,605,P
1186,1608,P
1187,205,A
1188,1337,P
1189,1469,P
1190,459,P
1190,491,P
1192,858,A
1193,1615,P
1194,1306,P
1195,1517,P
1196,234,P
1196,533,P
1196,544,P
1198,1936,P
1199,1169,P
1200,187,P
1200,397,P
1200,487,P
1200,629,P
1200,672,P
1201,1216,P
1202,1581,A
1203,237,P
1203,1281,P
1203,1365,P
1204,112,P
1204,1193,P
1205,238,P
1206,37,P
1206,465,P
1207,1518,P
1208,1486,P
1209,1454,P
1210,269,P
1210,1482,P
1211,425,A
1211,1704,A
1213,363,P
1214,672,P
1215,749,P
1215,1917,P
1216,224,P
1216,612,P
1216,796,P
1216,808,P
1216,1909,P
1217,1953,A
1218,1318,A
1219,111,P
1219,1266,P
1219,1822,P
1220,134,P
1220,399,P
1221,905,P
1222,117,P
1223,15,P
1223,841,P
1223,964,P
1225,586,P
1227,1066,A
1228,68,A
1228,463,A
1229,227,P
1230,1379,P
1230,1451,P
1232,113,A
1232,1850,A
1233,129,P
1233,1382,P
1233,1844,P
1234,426,P
1234,835,P
1235,671,P
1235,1826,P
1236,1054,A
1237,1164,P
1238,1748,P
1239,196,P
1240,754,P
1240,1248,P
1241,380,P
1241,1079,P
1243,356,A
1244,1346,A
1245,1612,P
1246,1426,A
1247,895,P
1248,1744,P
1249,963,P
1251,754,P
1251,1597,P
1252,1001,P
1253,593,P
1253,612,P
1253,785,P
1253,1059,P
1255,1739,P
1255,1982,P
1256,1144,P
1257,570,P
1257,997,P
1257,1205,P
1258,1814,P
1260,465,P
1260,906,P
1260,923,P
1260,1687,P
1262,73,P
1262,1064,P
1263,1655,P
1264,122,P
1264,776,P
1265,1849,P
1266,3,P
1266,835,P
1266,971,P
1266,1151,P
1267,594,P
1267,674,P
1267,1563,P
1267,1837,P
1269,598,P
1270,1575,A
1271,1205,P
1272,1740,P
1273,973,P
1273,1045,P
1273,1236,P
1273,1404,P
1274,293,P
1274,381,P
1274,1019,P
1274,1057,P
1275,713,P
1276,1402,P
1276,1680,P
1278,843,P
1279,200,P
1280,1159,A
1281,1801,P
1282,272,P
1282,623,P
1283,501,P
1283,760,P
1285,293,P
1287,845,P
1287,1749,P
1287,1839,P
1288,1317,P
1289,1198,P
1290,260,P
1291,380,P
1292,1190,P
1293,46,P
1293,94,P
1293,719,P
1293,735,P
1293,1206,P
1293,1271,P
1294,895,P
1295,358,P
1295,642,P
1295,1310,P
1296,1885,P
1297,1264,P
1298,1780,A
1299,593,P
1300,856,P
1302,703,P
1303,761,P
1303,1074,P
1303,1966,P
1304,334,P
1304,741,P
1305,190,P
1305,415,P
1305,1818,P
1307,369,P
1307,1803,P
1308,1646,A
1309,1286,P
1310,191,P
1310,566,P
1310,1044,P
1311,1471,A
1313,1216,P
1315,745,P
1315,1912,P
1316,1276,A
1316,1948,A
1317,1051,A
1318,18,P
1318,842,P
1318,1235,P
1318,1896,P
1319,382,P
1320,679,P
1320,878,P
1322,735,P
1322,903,P
1323,1186,P
1323,1755,P
1324,520,A
1326,751,A
1328,842,P
1328,1211,P
1329,1495,P
1331,1426,A
1332,901,P
1333,381,P
1334,1682,A
1335,1298,A
1336,1188,P
1337,48,P
1338,1186,P
1339,1261,A
1340,1835,P
1341,841,P
1341,1366,P
1342,1782,P
1343,1002,P
1344,231,P
1344,439,P
1345,496,P
1345,1509,P
1346,1415,P
1346,1862,P
1346,1907,P
1347,469,P
1347,1164,P
1347,1710,P
1348,468,P
1348,644,P
1348,717,P
1349,132,P
1349,1410,P
1349,1604,P
1349,1942,P
1350,145,P
1350,586,P
1351,635,P
1351,1273,P
1351,1787,P
1352,59,P
1352,437,P
1355,47,P
1355,1072,P
1355,1075,P
1356,614,A
1356,1302,A
1357,1723,P
1358,565,P
1358,772,P
1358,1213,P
1358,1614,P
1359,1012,P
1359,1135,P
1360,459,P
1360,1142,P
1361,387,P
1362,646,A
1363,758,P
1364,897,P
1364,1362,P
1365,341,P
1365,401,P
1365,1218,P
1367,793,P
1368,1076,A
1369,4,P
1369,182,P
1369,372,P
1369,916,P
1370,609,P
1370,999,P
1371,1111,P
1371,1564,P
1371,1865,P
1373,1189,A
1374,1520,A
1375,550,P
1375,1653,P
1375,1729,P
1376,715,P
1376,1287,P
1376,1540,P
1377,561,A
1378,1886,P
1379,11,P
1379,149,P
1380,52,A
1381,700,A
1382,247,P
1382,1342,P
1383,756,P
1384,807,P
1384,844,P
1385,1142,P
1385,1911,P
1386,87,P
1386,334,P
1386,369,P
1386,1353,P
1387,1400,P
1387,1498,P
1389,693,P
1389,750,P
1391,1945,P
1393,1773,P
1395,255,P
1395,1430,P
1395,1437,P
1396,383,A
1397,369,P
1397,1847,P
1398,721,A
1399,206,A
1400,523,P
1401,267,P
1401,1334,P
1402,475,A
1403,1812,P
1405,1194,P
1405,1277,P
1406,807,P
1407,1230,P
1408,1272,P
1409,97,P
1409,950,P
1409,1999,P
1411,141,P
1411,910,P
1412,734,A
1413,501,P
1413,625,P
1413,1804,P
1414,715,P
1414,1553,P
1415,605,P
1416,395,A
1418,95,P
1420,129,P
1420,1029,P
1421,1619,P
1423,1503,A
1424,650,P
1424,1463,P
1425,271,P
1427,290,P
1427,444,P
1427,996,P
1427,1383,P
1427,1734,P
1428,347,P
1428,545,P
1429,847,P
1431,102,A
1432,589,P
1432,743,P
1433,1432,P
1434,1220,P
1435,1278,P
1436,691,P
1437,216,P
1437,364,P
1437,756,P
1437,997,P
1438,1286,P
1439,145,P
1439,446,P
1440,20,P
1440,246,P
1441,876,A
1442,413,P
1443,803,A
1445,1582,A
1446,1509,P
1447,412,P
1448,347,P
1448,1554,P
1449,1166,A
1450,254,P
1450,1887,P
1450,1992,P
1452,1680,P
1453,1896,P
1454,541,P
1455,756,P
1455,1992,P
1457,277,P
1457,438,P
1457,586,P
1457,833,P
1457,1291,P
1458,370,P
1458,1393,P
1458,1941,P
1459,1364,P
1459,1543,P
1461,60,A
1461,1989,A
1463,276,P
1463,391,P
1463,769,P
1463,1033,P
1464,1320,P
1465,859,P
1466,545,P
1466,696,P
1466,703,P
1466,922,P
1467,1858,A
1468,993,P
1469,1706,P
1470,594,P
1471,428,P
1471,1112,P
1471,1240,P
1472,961,P
1473,1926,A
1474,375,P
1474,1001,P
1474,1197,P
1474,1519,P
1476,1499,P
1476,1651,P
1477,622,P
1478,1714,P
1480,703,P
1480,1893,P
1481,1368,P
1482,577,A
1483,632,P
1483,1802,P
1484,1283,P
1484,1864,P
1485,208,P
1485,1338,P
1486,944,A
1486,1824,A
1488,1515,P
1488,1823,P
1488,1964,P
1489,1559,A
1490,61,P
1490,890,P
1490,1116,P
1492,145,P
1493,310,P
1493,465,P
1493,467,P
1493,537,P
1495,61,P
1496,315,P
1496,817,P
1498,1074,P
1499,1120,P
1501,144,A
1502,1606,A
1502,1938,A
1503,99,P
1505,616,P
1507,844,P
1508,727,P
1508,1401,P
1509,598,P
1509,1156,P
1509,1407,P
1509,1727,P
1509,1854,P
1513,1596,P
1514,381,P
1515,132,P
1516,420,P
1516,1490,P
1517,484,P
1517,1442,P
1518,824,P
1518,1265,P
1519,1026,P
1519,1225,P
1519,1852,P
1522,1446,A
1523,1111,P
1523,1659,P
1524,1387,P
1525,121,P
1526,961,P
1527,637,P
1528,685,P
1528,1631,P
1529,893,P
1530,1202,P
1530,1855,P
1532,1252,P
1533,436,P
1533,750,P
1533,1728,P
1534,1091,P
1535,1118,P
1535,1617,P
1536,1027,A
1538,808,P
1539,575,P
1539,1899,P
1540,1194,P
1540,1796,P
1541,1299,P
1542,122,P
1543,1274,P
1543,1701,P
1543,1765,P
1545,1400,P
1546,544,P
1546,856,P
1546,857,P
1546,1741,P
1547,219,P
1548,1459,P
1549,372,P
1549,1956,P
1550,406,P
1550,759,P
1550,903,P
1551,405,P
1551,444,P
1551,889,P
1552,142,P
1553,992,P
1554,824,P
1555,105,P
1555,1769,P
1556,326,A
1557,354,P
1557,1194,P
1557,1723,P
1558,1933,P
1559,756,P
1560,657,A
1561,1500,P
1562,1344,A
1564,1625,P
1564,1870,P
1565,1349,P
1565,1568,P
1565,1950,P
1567,1771,P
1567,1977,P
1568,166,A
1569,1264,P
1570,354,P
1570,576,P
1570,1566,P
1571,1072,P
1572,908,P
1573,441,P
1573,831,P
1574,208,P
1574,227,P
1575,1178,P
1576,431,P
1576,679,P
1576,1928,P
1577,1359,A
1578,1215,A
1579,1434,P
1580,137,P
1580,227,P
1580,350,P
1580,545,P
1580,840,P
1581,304,P
1581,1220,P
1582,55,P
1582,174,P
1582,1537,P
1584,271,P
1584,1377,P
1585,1470,P
1586,200,P
1586,1368,P
1586,1730,P
1587,1618,P
1588,216,P
1589,1996,P
1591,1744,P
1591,1771,P
1593,713,P
1593,1294,P
1594,341,P
1595,493,P
1595,643,P
1595,1626,P
1596,373,P
1596,618,P
1597,268,A
1598,917,P
1598,1005,P
1598,1686,P
1598,1841,P
1599,1414,P
1600,67,P
1600,1266,P
1601,1258,A
1603,85,A
1603,1867,A
1605,1368,P
1606,73,P
1606,982,P
1607,75,P
1607,1297,P
1607,1700,P
1609,314,P
1609,600,P
1609,1169,P
1610,501,P
1611,1078,P
1611,1473,P
1612,318,A
1614,332,P
1615,785,P
1615,1072,P
1615,1085,P
1615,1174,P
1616,284,P
1617,238,P
1617,1295,P
1618,1349,P
1618,1511,P
1619,1886,P
1620,1060,P
1620,1127,P
1621,210,P
1622,1708,P
1622,1724,P
1624,222,P
1624,354,P
1624,1255,P
1625,365,P
1625,626,P
1626,42,P
1626,908,P
1627,289,A
1628,1003,P
1629,1538,A
1630,511,P
1630,722,P
1631,1603,A
1632,47,P
1632,1192,P
1633,346,P
1633,1103,P
1633,1586,P
1633,1825,P
1633,1837,P
1634,187,P
1634,1854,P
1635,1306,P
1636,450,P
1636,1755,P
1637,1043,P
1638,500,P
1638,1091,P
1640,1948,A
1641,451,P
1641,640,P
1641,1030,P
1642,24,P
1642,244,P
1643,1299,P
1644,1,P
1644,262,P
1645,251,P
1646,1187,P
1646,1400,P
1646,1762,P
1647,1531,A
1648,1481,P
1649,123,P
1649,509,P
1649,1295,P
1650,193,P
1650,431,P
1650,1673,P
1650,1994,P
1651,1029,P
1652,83,P
1652,902,P
1653,105,P
1653,513,P
1653,516,P
1653,838,P
1655,572,A
1656,1162,P
1656,1541,P
1658,564,P
1658,1195,P
1659,1315,P
1660,224,P
1660,277,P
1660,999,P
1661,1228,P
1662,563,P
1662,1123,P
1662,1151,P
1664,114,P
1664,1311,P
1665,1518,P
1666,945,A
1667,1939,P
1668,679,P
1668,706,P
1669,258,P
1669,1669,P
1670,1691,A
1671,214,P
1671,309,P
1672,644,P
1672,1217,P
1672,1649,P
1673,1138,P
1673,1414,P
1674,105,P
1674,1435,P
1675,576,P
1675,1924,P
1676,590,P
1678,749,P
1678,932,P
1678,1307,P
1679,122,P
1679,1537,P
1679,1721,P
1680,1274,P
1680,1345,P
1681,158,P
1682,1243,P
1684,963,P
1685,272,P
1685,1914,P
1686,1803,P
1687,334,P
1688,1616,A
1688,1932,A
1689,537,P
1690,945,A
1691,567,P
1692,302,A
1693,456,P
1695,1240,P
1696,873,P
1696,1045,P
1696,1136,P
1697,336,P
1697,1826,P
1698,1816,A
1699,274,P
1699,1238,P
1700,561,A
1701,719,P
1702,216,P
1702,282,P
1702,364,P
1702,802,P
1702,826,P
1702,1277,P
1705,86,P
1705,391,P
1705,611,P
1706,121,P
1706,225,P
1706,1001,P
1706,1397,P
1707,155,P
1707,363,P
1708,1489,A
1709,771,P
1709,1148,P
1709,1668,P
1711,19,P
1711,160,P
1711,1499,P
1711,1680,P
1712,23,P
1713,643,P
1715,1118,P
1716,56,P
1716,320,P
1716,845,P
1717,1139,P
1718,365,P
1719,4,P
1719,569,P
1719,581,P
1719,1217,P
1720,1404,P
1721,1886,P
1722,566,P
1723,32,P
1723,613,P
1723,1279,P
1724,992,P
1725,1518,P
1726,355,P
1726,1841,P
1727,66,P
1727,352,P
1728,802,P
1729,984,P
1729,1469,P
1730,199,A
1731,433,P
1731,1264,P
1731,1550,P
1732,30,P
1732,1884,P
1734,695,P
1735,431,P
1735,563,P
1736,373,P
1736,504,P
1736,855,P
1737,400,P
1737,1698,P
1738,290,P
1738,1495,P
1738,1947,P
1740,879,P
1740,1203,P
1741,1492,P
1742,78,P
1742,922,P
1743,605,P
1743,1612,P
1744,217,P
1744,1327,P
1746,348,P
1746,862,P
1746,1199,P
1746,1793,P
1748,1342,P
1749,313,P
1749,1406,P
1749,1470,P
1749,1721,P
1750,799,P
1750,1507,P
1751,361,P
1751,875,P
1752,338,P
1752,1127,P
1753,351,P
1754,165,P
1754,712,P
1755,1736,P
1756,414,P
1756,1255,P
1757,20,P
1759,755,A
1760,1091,P
1761,937,P
1761,1108,P
1762,291,P
1764,105,P
1764,1242,P
1765,1811,P
1766,180,P
1767,191,P
1767,610,P
1767,1385,P
1768,583,P
1769,70,P
1769,1672,P
1770,675,P
1770,1955,P
1771,863,A
1772,986,P
1772,1162,P
1772,1169,P
1774,411,A
1774,1453,A
1774,1863,A
1777,1901,P
1778,1692,P
1779,923,P
1779,1018,P
1779,1516,P
1780,396,P
1780,989,P
1780,1915,P
1781,765,A
1782,578,A
1784,1163,A
1785,381,P
1785,535,P
1785,1866,P
1786,968,P
1787,1443,P
1789,1720,P
1790,455,P
1790,814,P
1790,1562,P
1793,345,P
1793,573,P
1793,1818,P
1794,328,P
1794,631,P
1795,58,P
1795,999,P
1796,516,P
1796,982,P
1796,1211,P
1796,1613,P
1797,532,P
1797,1009,P
1797,1945,P
1799,136,P
1799,712,P
1799,875,P
1799,1535,P
1800,599,P
1801,1884,P
1804,6,P
1804,47,P
1804,340,P
1804,450,P
1805,1569,A
1806,1625,P
1807,2,P
1807,959,P
1808,629,P
1808,1905,P
1809,1021,P
1809,1392,P
1810,951,P
1811,241,P
1811,1369,P
1812,1527,P
1812,1929,P
1813,452,P
1813,1380,P
1813,1871,P
1814,391,P
1814,1699,P
1815,1500,P
1816,543,A
1817,451,P
1817,642,P
1817,1935,P
1819,870,P
1820,1129,A
1821,252,P
1821,454,P
1822,1836,A
1823,1065,P
1823,1530,P
1823,1757,P
1824,248,P
1824,1558,P
1827,1288,P
1828,169,P
1828,557,P
1828,628,P
1828,647,P
1828,656,P
1828,1133,P
1828,1315,P
1828,1550,P
1829,549,P
1829,1050,P
1830,654,P
1830,1604,P
1832,999,P
1833,399,P
1833,880,P
1833,1560,P
1834,562,P
1835,419,A
1835,1971,A
1836,384,P
1836,934,P
1837,184,P
1837,1853,P
1838,1085,P
1838,1349,P
1839,601,P
1840,722,P
1840,904,P
1841,1450,A
1844,128,P
1844,1104,P
1845,1433,P
1846,414,P
1847,1666,P
1850,1376,A
1851,848,P
1851,1456,P
1852,1306,P
1856,1849,P
1857,207,A
1859,1787,P
1860,80,P
1861,1347,P
1861,1573,P
1862,769,P
1863,313,P
1864,1274,P
1865,1833,A
1866,1237,P
1866,1852,P
1868,1524,A
1869,218,P
1869,782,P
1869,1283,P
1870,509,P
1870,732,P
1871,501,P
1871,555,P
1871,878,P
1871,1184,P
1871,1443,P
1871,1713,P
1873,782,P
1874,538,P
1874,1788,P
1875,1840,P
1878,606,P
1878,897,P
1879,1188,P
1879,1711,P
1879,1985,P
1880,179,P
1881,1304,P
1882,457,P
1882,984,P
1882,1041,P
1882,1890,P
1883,1571,A
1885,61,P
1886,1213,P
1887,1635,P
1889,9,P
1890,1564,P
1892,53,P
1892,1695,P
1893,680,P
1893,895,P
1894,443,P
1895,340,P
1896,1053,A
1897,992,P
1897,1699,P
1898,1880,P
1899,442,A
1900,136,P
1900,783,P
1901,955,P
1901,1433,P
1901,1794,P
1902,70,P
1902,276,P
1902,430,P
1902,1509,P
1903,273,A
1904,541,P
1904,1699,P
1906,158,P
1906,1661,P
1907,957,P
1907,1080,P
1907,1573,P
1908,1656,P
1911,55,P
1911,1536,P
1912,1075,P
1912,1266,P
1912,1385,P
1912,1486,P
1914,1054,A
1915,409,P
1916,1532,P
1918,321,P
1918,606,P
1918,1539,P
1919,82,P
1920,391,P
1922,1113,P
1922,1894,P
1923,297,A
1924,518,A
1926,903,P
1927,600,P
1927,891,P
1927,1123,P
1927,1316,P
1927,1782,P
1929,478,P
1929,767,P
1930,671,P
1930,867,P
1931,512,P
1932,340,P
1932,451,P
1932,593,P
1932,1600,P
1933,897,P
1935,431,P
1936,605,P
1936,689,P
1936,1026,P
1937,220,P
1938,1255,P
1939,1084,A
1941,576,P
1942,1978,P
1943,1666,P
1943,1799,P
1943,1866,P
1945,1236,P
1945,1530,P
1946,233,P
1947,629,P
1947,938,P
1948,818,P
1950,523,P
1950,1368,P
1950,1572,P
1951,265,P
1951,727,P
1951,1220,P
1952,174,P
1952,570,P
1952,752,P
1952,1091,P
1952,1490,P
1953,161,P
1953,291,P
1954,92,P
1954,996,P
1955,209,P
1955,556,P
1955,783,P
1955,888,P
1955,1368,P
1955,1689,P
1956,1390,P
1956,1498,P
1956,1697,P
1957,1910,P
1958,13,P
1958,795,P
1960,1286,P
1960,1629,P
1961,158,P
1962,390,P
1964,1622,P
1964,1828,P
1965,587,P
1966,1199,P
1967,264,A
1967,1477,A
1968,911,P
1969,1014,A
1970,177,P
1971,50,P
1971,423,P
1971,1221,P
1973,971,P
1973,1238,P
1974,106,P
1974,324,P
1974,1024,P
1975,450,P
1975,1832,P
1976,258,P
1976,555,P
1977,1413,A
1978,786,A
1979,399,P
1979,555,P
1979,1430,P
1979,1994,P
1980,386,P
1980,668,P
1980,1363,P
1981,494,P
1981,1379,P
1983,455,P
1984,356,A
1985,1284,P
1986,1913,P
1987,1876,P
1988,496,P
1988,1445,P
1988,1890,P
1989,468,P
1989,852,P
1990,1055,A
1991,288,P
1991,1615,P
1992,89,A
1993,1443,P
1993,1584,P
1994,1311,P
1994,1794,P
1995,1742,P
1997,1898,P
1997,1942,P
1998,379,P
1998,1572,P
